S.no,College,State,Fees,ESTD
1,AIIMS Mangalagiri,Andhra Pradesh,5856,2018
2,"Andhra MC, Visakhapatnam",Andhra Pradesh,28800,1923
3,"Sri Venkateswara MC, Tirupati",Andhra Pradesh,40250,1923
4,"Guntur MC, Guntur",Andhra Pradesh,25500,1946
5,"Kurnool MC, Kurnool",Andhra Pradesh,10000,1946
6,"Rangaraya MC, Kakinada",Andhra Pradesh,25500,1957
7,"Siddhartha MC, Vijayawada",Andhra Pradesh,38730,1958
8,SVIMS - Sri Padmavathi (Women),Andhra Pradesh,25200,1980
9,"Government MC, Ananthapuram",Andhra Pradesh,95800,2014
10,"ACSR Govt MC, Nellore",Andhra Pradesh,30600,2000
11,RIMS Srikakulam,Andhra Pradesh,28300,2014
12,"RIMS, Ongole",Andhra Pradesh,34500,2000
13,"Rajiv Gandhi IMS, Kadapa",Andhra Pradesh,28100,2011
14,"GMC, Eluru",Andhra Pradesh,33500,2006
15,"GMC, Rajamahendravaram",Andhra Pradesh,36000,2023
16,GMC Vizianagaram,Andhra Pradesh,49124,2023
17,"GMC, Machilipatnam",Andhra Pradesh,36000,2023
18,"GMC, Nandyal",Andhra Pradesh,36000,2023
1,AIIMS Guwahati,Assam,5856,2020
2,"Guwahati MC, Guwahati",Assam,23900,1960
3,"Assam MC, Dibrugarh",Assam,23900,1947
4,"Jorhat MC & Hospital, Jorhat",Assam,23900,2010
5,"Silchar MC, Silchar",Assam,17900,1968
6,"Fakhruddin Ali Ahmed MC, Barpeta",Assam,23900,2012
7,"Tezpur MC, Tezpur",Assam,24900,2014
8,"Diphu MC & Hospital, Karbi Anglong",Assam,30000,2020
9,"Lakhimpur MC, Chowkham",Assam,24900,2021
10,"Dhubri Medical College, Dhubri",Assam,24900,2022
11,"Nagaon Medical College, Diphu",Assam,23900,2023
12,"Nalbari MCH Dakhingaon, Nalbari",Assam,21500,2023
13,"Kokrajhar MCH Rangalikhata",Assam,23900,2023
1,"AIIMS, Patna",Bihar,5826,2012
2,"Patna MC, Patna",Bihar,28800,1925
3,"Indira Gandhi IMS, Patna",Bihar,121667,2011
4,"Nalanda MC, Patna",Bihar,40800,1970
5,"Darbhanga MC, Laheriasarai",Bihar,40800,1946
6,"Vardhaman IMS, Nalanda",Bihar,40800,1970
7,"Anugrah Narayan, Gaya",Bihar,40800,1970
8,"ESIC MC & Hospital, Bihta",Bihar,100000,2020
9,"Jawaharlal Nehru MC, Bhagalpur",Bihar,40800,1971
10,"Sri Krishna MC, Muzaffarpur",Bihar,40800,1970
11,"Government MC, Bettiah",Bihar,40800,2013
12,"J.K.T.M.C. & H. Madhepura",Bihar,40800,2020
1,"GMC, Purnea",Bihar,40800,2023
1,"AIIMS, Raipur",Chhattisgarh,5826,2012
2,"Pt. J N M MC, Raipur",Chhattisgarh,50000,1963
3,"Chattisgarh IMS, Bilaspur",Chhattisgarh,50000,2001
4,"Lt. L A M Govt. MC, Raigarh",Chhattisgarh,40000,2013
5,"Chandulal Chandrakar Mem. GMC",Chhattisgarh,50000,2013
6,"Government MC, Rajnandgaon",Chhattisgarh,50000,2014
7,"Lt. B R K Government MC, Jagdalpur",Chhattisgarh,50000,2006
8,"Rajmata SDKS GMC",Chhattisgarh,53500,2016
9,"Government MC, Kanker",Chhattisgarh,50000,2021
10,"Government MC, Mahasamund",Chhattisgarh,59200,2022
11,"Government MC, Korba",Chhattisgarh,50000,2022
1,"AIIMS, Rajkot",Gujarat,5356,2020
2,"B.J. M.C, Ahmedabad",Gujarat,25000,1946
3,"MC, Baroda",Gujarat,25000,1949
4,"Government MC, Surat",Gujarat,25000,1964
5,"Pt. D. D. U MC, Rajkot",Gujarat,25000,1995
6,"M. P. Shah MC, Jamnagar",Gujarat,30000,1955
7,"MC, Bhavnagar",Gujarat,25000,1995
8,"Government MC, Morbi",Gujarat,330000,2022
9,"GMC, Panchmahal Godhra",Gujarat,330000,2022
10,"Government MC, Porbandar",Gujarat,330000,2022
11,"GMERS Medical College, Rajpipla",Gujarat,330000,2022
12,"GMERS Medical College, Navsari",Gujarat,330000,2022
1,"PT. B.D. Sharma PGIMS, Rohtak",Haryana,80000,1960
2,"ESIC MC, Faridabad",Haryana,100000,2015
3,"BPS Govt. Med. College, Sonepat",Haryana,80000,2012
4,"Maharaja Agrasen",Haryana,180000,2002
5,"SHKM GMC, Nalhar, Mewat",Haryana,80000,2013
6,"Kalpana Chawla Govt. MC, Karnal",Haryana,80000,2017
7,"Shri ABV GMC, Faridabad",Haryana,80000,2022
1,"AIIMS, Bilaspur",Himachal Pradesh,1628,2020
2,"Indira Gandhi MC, Shimla",Himachal Pradesh,60000,1966
3,"Dr. Rajendra Prasad MC, Tanda",Himachal Pradesh,60000,1996
4,"SLBS Govt. MC, Mandi",Himachal Pradesh,87200,2017
5,"Government MC Hamirpur",Himachal Pradesh,60000,2018
6,"Pt. Jawahar Lal Nehru GMC, Chamba",Himachal Pradesh,60000,2017
7,"Dr. Radhakrishnan, Hamirpur",Himachal Pradesh,60000,2018
1,AIIMS Jammu,Jammu & Kashmir,1628,2020
2,Sher-I-Kashmir IMS,Jammu & Kashmir,26100,1988
3,Government MC, Jammu,Jammu & Kashmir,26380,1972
4,Government MC, Srinagar,Jammu & Kashmir,34215,1959
5,Government MC, Anantnag,Jammu & Kashmir,26000,2019
6,Government MC, Baramulla,Jammu & Kashmir,28850,2019
7,Government MC, Kathua,Jammu & Kashmir,26250,2019
8,Government MC, Rajouri,Jammu & Kashmir,26250,2019
9,Govt. MC, Doda,Jammu & Kashmir,26250,2020
10,GMC, Handwara,Jammu & Kashmir,34215,2023
11,GMC, Udhampur,Jammu & Kashmir,27060,2023
1,AIIMS, Deoghar,Jharkhand,5856,2019
2,RIMS, Ranchi,Jharkhand,10050,1960
3,M. G. M. MC, Jamshedpur,Jharkhand,9130,1961
4,Shaheed Nirmal Mahto, Dhanbad,Jharkhand,8500,1969
5,Sheikh Bhikhari MC, Hazaribagh,Jharkhand,9180,2019
6,Paulo Jhano MC, Dumka,Jharkhand,19000,2019
7,Mednirai MC, Palamu,Jharkhand,8980,2019
1,Bangalore MC & Res. Inst, Bengaluru,Karnataka,70200,1955
2,Mysore Med & RI, Mysore,Karnataka,67050,1924
3,Karnataka IMS, Hubli,Karnataka,64040,1957
4,Mandya IMS, Mandya,Karnataka,66000,2006
5,Shri Atal Bihari Vajpayee, Bengaluru,Karnataka,70470,2019
6,Vijayanagar IMS, Bellary,Karnataka,65160,1961
7,Belgaum IMS, Belagavi,Karnataka,65780,2006
8,ESI-MC & PGIMS & R, Bengaluru,Karnataka,100000,2012
9,Hassan IMS, Hassan,Karnataka,70500,2006
10,Shimoga IMS, Shimoga,Karnataka,80400,2007
11,ESIC MC, Gulbarga,Karnataka,69450,2013
12,Gulbarga IMS, Gulbarga,Karnataka,69450,2015
13,Bidar Inst. of Med. Science, Bidar,Karnataka,69450,2007
14,Raichur IMS, Raichur,Karnataka,68550,2007
15,Gadag IMS, Gadag,Karnataka,73350,2015
16,Kodagu IMS, Kodagu,Karnataka,77400,2016
17,Koppal IMS, Koppal,Karnataka,75650,2015
18,Karwar IMS, Karwar,Karnataka,50000,2016
19,C. IMS, Chamarajanagar,Karnataka,77000,2016
20,Chikkaballapura IMS, Chikkaballapur,Karnataka,73370,2021
21,Chikkamagaluru IMS, Chikkamagaluru,Karnataka,74470,2021
22,Yadgiri IMS, Yadgiri,Karnataka,74100,2022
23,Haveri IMS, Haveri,Karnataka,74100,2022
24,Chitradurga Medical College,Karnataka,107740,2023
1,"Govt. MC, Kozhikode",Kerala,30200,1957
2,"Govt. MC, Thiruvananthapuram",Kerala,31570,1951
3,"Govt. MC, Kottayam",Kerala,31570,1960
4,"Govt. MC, Thrissur",Kerala,31570,1981
5,"T.D. MC, Alappuzha",Kerala,31570,1963
6,"Govt. MC, Kannur",Kerala,31570,1995
7,"Govt. MC, Ernakulam",Kerala,31570,2000
8,"Government. MC, ESIC, Kollam",Kerala,27580,2017
9,"Govt. MC, Manjeri",Kerala,28950,2013
10,"Govt. MC, Palakkad",Kerala,28950,2014
11,"Government, MC, Idukki",Kerala,31570,2022
12,"Government Medical College, Konni",Kerala,31570,2022
1,AIIMS Bhopal,Madhya Pradesh,117850,2012
2,"MGM MC, INDORE",Madhya Pradesh,118000,1948
3,"Gandhi MC, Bhopal",Madhya Pradesh,115000,1955
4,"Netaji SCB, Jabalpur",Madhya Pradesh,114000,1955
5,"G.R. MC, Gwalior",Madhya Pradesh,121500,1946
6,"S.S. MC, Rewa",Madhya Pradesh,121985,1963
7,"Bundelkhand MC, Sagar",Madhya Pradesh,114000,2009
8,"Govt MC, Ratlam",Madhya Pradesh,116350,2018
9,"Atal Bihari V. GMC, Vidisha",Madhya Pradesh,100000,2018
10,"Govt MC, Khandwa",Madhya Pradesh,100000,2018
11,"Government MC, Datia",Madhya Pradesh,126000,2018
12,"Chhindwara IMS, Chhindwara",Madhya Pradesh,114000,2019
13,"Govt. MC, Shivpuri",Madhya Pradesh,142000,2019
14,"Govt. MC, Shahdol",Madhya Pradesh,122000,2019
15,"Government Medical College, Satna",Madhya Pradesh,121985,2023
1,"AIIMS, Bhubaneshwar",Odisha,5856,2012
2,"S.C.B. MC, Cuttack",Odisha,38050,1944
3,"MKCG, Brahmapur",Odisha,38291,1962
4,"V.S.S. MC, Burla",Odisha,37950,1959
5,"Government of MC & H, Balasore",Odisha,38386,2018
6,"Pt. Raghunath Murmu, Baripada",Odisha,37950,2017
7,"Bhima Bhoi MCH, Balangir",Odisha,38256,2018
8,"Saheed Laxman Nayak MCH, Koraput",Odisha,38256,2017
9,"Sri Jagannath MC & Hospital, Puri",Odisha,38040,2021
10,"Government MC, Keonjhar",Odisha,37950,2022
11,"Government MC, Sundargarh",Odisha,38256,2022
12,"Saheed Rendo Vajhi, Bhawanipatna",Odisha,38256,2023
1,"AIIMS, Nagpur",Maharashtra,5826,2018
2,"Seth G.S. MC, Mumbai",Maharashtra,134600,1925
3,"Grant Med. Coll. & Sir J.J. Hosp, Mumbai",Maharashtra,139700,1845
4,"Byramjee Jeejeebhoy MC, Pune",Maharashtra,139800,1964
5,"Lokmanya Tilak Mun, Mumbai",Maharashtra,138100,1964
6,"Topiwala National MC, Mumbai",Maharashtra,138100,1964
7,"Dr. R. N. Cooper, Juhu, Mumbai",Maharashtra,112800,2015
8,"Rajiv Gandhi MC, Thane",Maharashtra,125800,1992
9,"Govt. MC, Nagpur",Maharashtra,130700,1947
10,"Govt. MC, Aurangabad",Maharashtra,139310,1956
11,"Indira Gandhi GMC, Nagpur",Maharashtra,141950,1968
12,"Dr. Vaishampayan, Sholapur",Maharashtra,138700,1963
13,"Government MC, Miraj",Maharashtra,138200,1962
14,"Rajarshree CSM GMC, Kolhapur",Maharashtra,138200,1962
15,"Govt. MC, Baramati",Maharashtra,138700,2019
16,"MGIMS, Sevagram Wardha",Maharashtra,441960,1969
17,"Dr. S. C. Govt MC, Nanded",Maharashtra,130730,1988
18,"Government MC, Akola",Maharashtra,143500,2002
19,"Shri Bhausaheb Hire GMC, Dhule",Maharashtra,143300,1988
20,"Shri Vasant Rao Naik, Yavatmal",Maharashtra,143200,1989
21,"Government MC, Latur",Maharashtra,125700,2002
22,"Government MC & H, Jalgaon",Maharashtra,130700,2018
23,"Swami Ramanand Tirth Rural GMC, Beed",Maharashtra,144950,1974
24,"Govt. MC & Hospital, Chandrapur",Maharashtra,127900,2015
25,"GMC, Gondia",Maharashtra,144300,2016
26,"GMC Nandurbar",Maharashtra,130700,2020
27,"GMC & Hosp, Alibag",Maharashtra,138060,2021
28,"GMC & Gen Hosp., Satara",Maharashtra,139700,2021
29,"Government MC, Osmanabad",Maharashtra,142750,2022
30,"GMC & District Gen. Hos, Ratnagiri",Maharashtra,139700,2023
31,"GMC, Parbhani",Maharashtra,143500,2023
1,"AIIMS, New Delhi",New Delhi,1628,1956
2,"Maulana Azad MC, New Delhi",New Delhi,2445,1958
3,"VMMC & Safdarjung Hospital, New Delhi",New Delhi,7045,2002
4,"Lady Hardinge MC, New Delhi",New Delhi,1355,1916
5,"ABVIMS & Dr. RML, New Delhi",New Delhi,36000,2019
6,"UCMS, New Delhi",New Delhi,7045,1971
7,"Dr. B.S.A. MC, Delhi",New Delhi,111000,2016
8,"N.D.M.C. MC, Delhi",New Delhi,102000,2013
1,"PT. B.D. Sharma PGIMS, Rohtak",Haryana,80000,1960
2,"ESIC MC, Faridabad",Haryana,100000,2015
3,"BPS Govt. Med. College, Sonepat",Haryana,80000,2012
4,Maharaja Agrasen,Haryana,180000,2002
5,"SHKM GMC, Nalhar, Mewat",Haryana,80000,2013
6,"Kalpana Chawla Govt. MC, Karnal",Haryana,80000,2017
7,"Shri ABV GMC, Faridabad",Haryana,80000,2022
1,AIIMS, Madurai,Tamil Nadu,18073,2022
2,Madras MC, Chennai,Tamil Nadu,19215,1835
3,Stanley MC, Chennai,Tamil Nadu,15473,1838
4,Coimbatore MC, Coimbatore,Tamil Nadu,18073,1966
5,Govt. Kilpauk MC, Chennai,Tamil Nadu,15473,1960
6,Madurai MC, Madurai,Tamil Nadu,18073,1954
7,Thanjavur MC, Thanjaur,Tamil Nadu,18073,1959
8,Chengalpattu MC, Chengalpattu,Tamil Nadu,19673,1965
9,Tirunelveli MC, Tirunelveli,Tamil Nadu,18453,1965
10,Govt. Mohan Kumaramangalam,Tamil Nadu,18073,1986
11,IRT Perundurai MC, Perundurai,Tamil Nadu,16233,1992
12,Rajah Muthai MC,Tamil Nadu,18110,1985
13,K.A.P. Vishwanatham, Tiruchirapa,Tamil Nadu,19460,1998
14,Government MC, Omandurar,Tamil Nadu,13610,2015
15,Thiruvannamalai MC,Tamil Nadu,18073,2013
16,Govt Vellore MC, Vellore,Tamil Nadu,15473,2005
17,ESIC MC & PGIMSR, Chennai,Tamil Nadu,100000,2013
18,Govt. Dharmapuri Medical College,Tamil Nadu,16660,2008
19,Theni Govt MC, Theni,Tamil Nadu,18073,2006
20,Govt MC ESI & Hosp. , Coimbatore,Tamil Nadu,18073,1966
21,GVMC, Villupuram,Tamil Nadu,18073,2010
22,Thoothukudi MC, Thoothukudi,Tamil Nadu,13610,2000
23,Kanyakumari GMC, Asaripallam,Tamil Nadu,13610,2003
24,GTMC, Thiruvarur,Tamil Nadu,15023,2010
25,Govt. Sivagangai MC, Sivagangai,Tamil Nadu,13610,2012
26,Govt. Pudukkottai MC Hosp.,Tamil Nadu,18073,2017
27,Govt. MC Karur,Tamil Nadu,18073,2019
28,Government MC, Ariyalur,Tamil Nadu,19863,2021
29,Government MC, Dindigul,Tamil Nadu,13610,2021
30,Government MC, Kallakurichi,Tamil Nadu,15033,2021
31,Government MC, Krishnagiri,Tamil Nadu,15033,2021
32,Government MC, Nagapattinam,Tamil Nadu,15350,2021
33,Government MC, Namakkal,Tamil Nadu,18083,2021
34,Government MC, Nilgiris,Tamil Nadu,15403,2021
35,Government MC, Ramanathapuram,Tamil Nadu,18083,2021
36,Government MC, Thiruvallur,Tamil Nadu,15350,2021
37,Government MC, Ariyalur,Tamil Nadu,15033,2021
38,Government MC, Ariyalur,Tamil Nadu,18073,2021
1,AIIMS, Madurai,Tamil Nadu,18073,2022
2,Madras MC, Chennai,Tamil Nadu,19215,1835
3,Stanley MC, Chennai,Tamil Nadu,15473,1838
4,Coimbatore MC, Coimbatore,Tamil Nadu,18073,1966
5,Govt. Kilpauk MC, Chennai,Tamil Nadu,15473,1960
6,Madurai MC, Madurai,Tamil Nadu,18073,1954
7,Thanjavur MC, Thanjaur,Tamil Nadu,18073,1959
8,Chengalpattu MC, Chengalpattu,Tamil Nadu,19673,1965
9,Tirunelveli MC, Tirunelveli,Tamil Nadu,18453,1965
10,Govt. Mohan Kumaramangalam,Tamil Nadu,18073,1986
11,IRT Perundurai MC, Perundurai,Tamil Nadu,16233,1992
12,Rajah Muthai MC,Tamil Nadu,18110,1985
13,K.A.P. Vishwanatham, Tiruchirapa,Tamil Nadu,19460,1998
14,Government MC, Omandurar,Tamil Nadu,13610,2015
15,Thiruvannamalai MC,Tamil Nadu,18073,2013
16,Govt Vellore MC, Vellore,Tamil Nadu,15473,2005
17,ESIC MC & PGIMSR, Chennai,Tamil Nadu,100000,2013
18,Govt. Dharmapuri Medical College,Tamil Nadu,16660,2008
19,Theni Govt MC, Theni,Tamil Nadu,18073,2006
20,Govt MC ESI & Hosp. , Coimbatore,Tamil Nadu,18073,1966
21,GVMC, Villupuram,Tamil Nadu,18073,2010
22,Thoothukudi MC, Thoothukudi,Tamil Nadu,13610,2000
23,Kanyakumari GMC, Asaripallam,Tamil Nadu,13610,2003
24,GTMC, Thiruvarur,Tamil Nadu,15023,2010
25,Govt. Sivagangai MC, Sivagangai,Tamil Nadu,13610,2012
26,Govt. Pudukkottai MC Hosp.,Tamil Nadu,18073,2017
27,Govt. MC Karur,Tamil Nadu,18073,2019
28,Government MC, Ariyalur,Tamil Nadu,19863,2021
29,Government MC, Dindigul,Tamil Nadu,13610,2021
30,Government MC, Kallakurichi,Tamil Nadu,15033,2021
31,Government MC, Krishnagiri,Tamil Nadu,15033,2021
32,Government MC, Nagapattinam,Tamil Nadu,15350,2021
33,Government MC, Namakkal,Tamil Nadu,18083,2021
34,Government MC, Nilgiris,Tamil Nadu,15403,2021
35,Government MC, Ramanathapuram,Tamil Nadu,18083,2021
36,Government MC, Thiruvallur,Tamil Nadu,15350,2021
37,Government MC, Ariyalur,Tamil Nadu,15033,2021
38,Government MC, Ariyalur,Tamil Nadu,18073,2021
1,AIIMS Gorakhpur,Uttar Pradesh,42000,2019
2,AIIMS Rai Bareli,Uttar Pradesh,5826,2019
3,IMS BHU Varanasi,Uttar Pradesh,29874,1960
4,JNMC AMU Aligarh,Uttar Pradesh,46340,1961
5,King George Med Coll. Lucknow,Uttar Pradesh,54600,1911
6,Dr. Ram Manohar Lohia Lucknow,Uttar Pradesh,18000,2012
7,GSVM MC Kanpur,Uttar Pradesh,36000,1955
8,Moti Lal Nehru MC Prayagraj,Uttar Pradesh,42000,1961
9,LLRM MC Meerut,Uttar Pradesh,42000,1966
10,"Govt. IMS, Kasna, Greater Noida",Uttar Pradesh,83600,2019
11,S N MC Agra,Uttar Pradesh,36000,1939
12,BRD MC Gorakhpur,Uttar Pradesh,42000,1972
13,Maharani Laxmi Bai MC Jhansi,Uttar Pradesh,42000,1968
14,UP University of MS Saifai Etawah,Uttar Pradesh,42000,2006
15,Government MC Saharanpur,Uttar Pradesh,32000,2015
16,Government MC Ambedkar Nagar,Uttar Pradesh,36000,2011
17,Government MC Kannauj,Uttar Pradesh,36000,2012
18,Government MC Jalaun,Uttar Pradesh,40800,2011
19,Government MC Azamgarh,Uttar Pradesh,40800,2013
20,Government MC Banda,Uttar Pradesh,40800,2016
21,Government MC Ayodhya,Uttar Pradesh,40800,2019
22,Government MC Firozabad,Uttar Pradesh,40800,2019
23,Government MC Badaun,Uttar Pradesh,36000,2019
24,Government MC Shahjahanpur,Uttar Pradesh,40800,2019
25,Government MC Rampur Basti,Uttar Pradesh,36000,2019
26,Rajkiya Allopathic MC Bahraich,Uttar Pradesh,36000,2019
27,Autonomous State MC Etawah,Uttar Pradesh,42000,2021
28,Maharshi Devraha Baba MC Deoria,Uttar Pradesh,40800,2021
29,Autonomous State MC Fatehpur,Uttar Pradesh,36000,2021
30,Autonomous State MC Sideharthnagar,Uttar Pradesh,40800,2021
31,Autonomous State MC Hardoi,Uttar Pradesh,40800,2021
32,Autonomous State MC Pratapgarh,Uttar Pradesh,36000,2021
33,Autonomous State MC Mirzapur,Uttar Pradesh,36000,2021
34,Autonomous State MC Jaunpur,Uttar Pradesh,40800,2021
35,Autonomous State MC Ghazipur,Uttar Pradesh,36000,2021
1,AIIMS, Bibi Nagar, HYD.,Telangana,5856,2019
2,Gandhi MC, Musheerabad Secunderabad,Telangana,29000,1954
3,Osmania MC, Koti,Telangana,29000,1954
4,Kakatiya MC, Warangal,Telangana,12000,1946
5,ESIC MC, Hyderabad,Telangana,41000,2016
6,Government MC, Mahabubnagar,Telangana,100000,2016
7,Government MC, Siddipet,Telangana,12000,2018
8,Rajiv Gandhi IMS of Adilabad,Telangana,41000,2008
9,Govt MC Nalgonda,Telangana,12000,2019
10,Government MC, Suryapet,Telangana,29000,2019
11,Government MC, Sangareddy,Telangana,41000,2022
12,GMC Khaledwadi, Nizamabad,Telangana,59200,2013
13,Government MC, Mahabubabad,Telangana,16065,2016
14,GMC Bhadradri Kothagudem,Telangana,59200,2022
15,GMC Mancherial,Telangana,41000,2022
16,Government MC, Jagtial,Telangana,29000,2022
17,GMC Wanaparthy,Telangana,41000,2022
18,GMC Nagarkurnool,Telangana,41000,2023
19,GMC Ramagundam,Telangana,59200,2023
20,GMC Karimnagar,Telangana,41000,2023
21,GMC, Khammam,Telangana,41000,2023
22,GMC Kumuram Bheem Asifabad,Telangana,41000,2023
23,GMC, Vikarabad,Telangana,41000,2023
24,GMC, Rajanna Sircilla,Telangana,41000,2023
25,GMC, Kamareddy,Telangana,41000,2023
26,GMC, Jangaon,Telangana,41000,2023
27,GMC, Jayashankar Bhupally,Telangana,41000,2023
28,GMC, Nirmal,Telangana,59200,2023
1,AIIMS, Kalyani,West Bengal,5826,2019
2,Medical College, Kolkata,West Bengal,6520,1838
3,Nilratan Sircar MC, Kolkata,West Bengal,9000,1948
4,IPGMER, Kolkata,West Bengal,6500,1957
5,R.G. Kar MC, Kolkata,West Bengal,6520,1916
6,Calcutta National MC, Kolkata,West Bengal,6500,1948
7,Sagar Dutta MC & Hospital,West Bengal,9000,2011
8,Burdwan MC, Burdwan,West Bengal,9000,1969
9,COM & JNM Hosp., Kalyani,West Bengal,9166,2010
10,Bankura Sammilani, Bankura,West Bengal,9166,1956
11,North Bengal MC, Darjeeling,West Bengal,6500,1968
12,Midnapore MC, Midnapore,West Bengal,11144,2001
13,ESIC PGIMSR, Joka, Kolkata,West Bengal,100000,2013
14,Murshidabad MCH, Murshidabad,West Bengal,9144,2012
15,Malda Med Coll, Malda,West Bengal,6500,2011
16,Diamond Harbour Govt MC,West Bengal,11350,2019
17,Rampurhat GMC, Rampurhat,West Bengal,9166,2019
18,Raiganj Govt MC,West Bengal,6520,2019
19,Maharaja Jitendra Nar, Coochbehar,West Bengal,11020,2019
20,Deben Mahata Purulia GMC,West Bengal,11020,2020
21,Barasat Government MC & Hospital,West Bengal,11144,2022
22,Jalpaiguri Government MC,West Bengal,11144,2022
23,Prafulla Chandra Sen GMC,West Bengal,11144,2022
24,Jhargram GMC, Jhargram,West Bengal,11144,2022
25,Sarat Chandra Chattopadhyay GMC,West Bengal,11144,2022
26,Tamralipto GMC,West Bengal,11144,2022
1,Andaman & Nicobar IMS Port Blair,Andaman,79100,2015
1,JIPMER Puducherry,Pondicherry,6770,1956
2,JIPMER Karaikal,Pondicherry,6770,2016
3,Indira Gandhi MC & RI Puducherry,Pondicherry,143700,2010
1,Nagaland IMS,Nagaland,133900,2023
1,NEIGRIHMS Shillong,Meghalaya,47600,2008
1,GMC & HOSP Chandigarh,Chandigarh,24979,1991
1,Tomo Riba IHMS Naharlagun,Arunachal Pradesh,77100,2018
1,Zoram MC Falkawn,Mizoram,96850,2018
1,Shri Vinobha Bhave IMS,Dadra & NH,60100,2019
1,Goa MC Panaji,Goa,79000,1946
1,Agartala Govt. MC. Agartala,Tripura,75100,2005
