S.no,College Name,City,State,ESTD,Fees Per Year
1,"AIIMS Mangalagiri",Vijayawada,Andhra Pradesh,2018,"5,856"
2,"Andhra Medical College",Visakhapatnam,Andhra Pradesh,1923,"28,800"
3,"Sri Venkateswara Medical College",Tirupati,Andhra Pradesh,1923,"40,250"
4,"Guntur Medical College",Guntur,Andhra Pradesh,1946,"25,500"
5,"Kurnool Medical College",Kurnool,Andhra Pradesh,1946,"10,000"
6,"Rangaraya Medical College",Kakinada,Andhra Pradesh,1957,"25,500"
7,"Siddhartha Medical College",Vijayawada,Andhra Pradesh,1958,"38,730"
8,"SVIMS - Sri Padmavathi Medical College for Women",Tirupati,Andhra Pradesh,1980,"25,200"
9,"Government Medical College",Ananthapuram,Andhra Pradesh,2014,"95,800"
10,"ACSR Government Medical College",Nellore,Andhra Pradesh,2000,"30,600"
11,"Rajiv Gandhi Institute of Medical Sciences",Srikakulam,Andhra Pradesh,2014,"28,300"
12,"Rajiv Gandhi Institute of Medical Sciences",Ongole,Andhra Pradesh,2000,"34,500"
13,"Rajiv Gandhi Institute of Medical Sciences",Kadapa,Andhra Pradesh,2011,"28,100"
14,"Government Medical College",Eluru,Andhra Pradesh,2006,"33,500"
15,"Government Medical College",Rajamahendravaram,Andhra Pradesh,2023,"36,000"
16,"Government Medical College",Vizianagaram,Andhra Pradesh,2023,"49,124"
17,"Government Medical College",Machilipatnam,Andhra Pradesh,2023,"36,000"
18,"Government Medical College",Nandyal,Andhra Pradesh,2023,"36,000"
19,"AIIMS Guwahati",Guwahati,Assam,2020,"5,856"
20,"Guwahati Medical College",Guwahati,Assam,1960,"23,900"
21,"Assam Medical College",Dibrugarh,Assam,1947,"23,900"
22,"Jorhat Medical College & Hospital",Jorhat,Assam,2010,"23,900"
23,"Silchar Medical College",Silchar,Assam,1968,"17,900"
24,"Fakhruddin Ali Ahmed Medical College",Barpeta,Assam,2012,"23,900"
25,"Tezpur Medical College",Tezpur,Assam,2014,"24,900"
26,"Diphu Medical College & Hospital",Karbi Anglong,Assam,2020,"30,000"
27,"Lakhimpur Medical College",Chowkham,Assam,2021,"24,900"
28,"Dhubri Medical College",Dhubri,Assam,2022,"24,900"
29,"Nagaon Medical College",Nagaon,Assam,2023,"23,900"
30,"Nalbari Medical College & Hospital",Nalbari,Assam,2023,"21,500"
31,"Kokrajhar Medical College & Hospital",Kokrajhar,Assam,2023,"23,900"
32,"AIIMS Patna",Patna,Bihar,2012,"5,826"
33,"Patna Medical College",Patna,Bihar,1925,"28,800"
34,"Indira Gandhi Institute of Medical Sciences",Patna,Bihar,2011,"1,21,667"
35,"Nalanda Medical College",Patna,Bihar,1970,"40,800"
36,"Darbhanga Medical College",Laheriasarai,Bihar,1946,"40,800"
37,"Vardhman Institute of Medical Sciences",Nalanda,Bihar,1970,"40,800"
38,"Anugrah Narayan Magadh Medical College",Gaya,Bihar,1970,"40,800"
39,"ESIC Medical College & Hospital",Bihta,Bihar,2020,"1,00,000"
40,"Jawaharlal Nehru Medical College",Bhagalpur,Bihar,1971,"40,800"
41,"Sri Krishna Medical College",Muzaffarpur,Bihar,1970,"40,800"
42,"Government Medical College",Bettiah,Bihar,2013,"40,800"
43,"Jan Nayak Karpoori Thakur Medical College",Madhepura,Bihar,2020,"40,800"
44,"Government Medical College",Purnea,Bihar,2023,"40,800"
45,"AIIMS Raipur",Raipur,Chhattisgarh,2012,"5,826"
46,"Pt. J N M Medical College",Raipur,Chhattisgarh,1963,"50,000"
47,"Chhattisgarh Institute of Medical Sciences",Bilaspur,Chhattisgarh,2001,"50,000"
48,"Late Late Shri Lakhi Ram Agrawal Memorial GMC",Raigarh,Chhattisgarh,2013,"40,000"
49,"Chandulal Chandrakar Memorial GMC",Durg,Chhattisgarh,2013,"50,000"
50,"Government Medical College",Rajnandgaon,Chhattisgarh,2014,"50,000"
51,"Late Baliram Kashyap Memorial GMC",Jagdalpur,Chhattisgarh,2006,"50,000"
52,"Rajmata Srimati Devendra Kumari Singhdeo GMC",Ambikapur,Chhattisgarh,2016,"53,500"
53,"Government Medical College",Kanker,Chhattisgarh,2021,"50,000"
54,"Government Medical College",Mahasamund,Chhattisgarh,2022,"59,200"
55,"Government Medical College",Korba,Chhattisgarh,2022,"50,000"
56,"AIIMS Rajkot",Rajkot,Gujarat,2020,"5,356"
57,"B.J. Medical College",Ahmedabad,Gujarat,1946,"25,000"
58,"Medical College Baroda",Vadodara,Gujarat,1949,"25,000"
59,"Government Medical College",Surat,Gujarat,1964,"25,000"
60,"Pt. D. D. U Medical College",Rajkot,Gujarat,1995,"25,000"
61,"M. P. Shah Government Medical College",Jamnagar,Gujarat,1955,"30,000"
62,"Government Medical College",Bhavnagar,Gujarat,1995,"25,000"
63,"Government Medical College",Morbi,Gujarat,2022,"3,30,000"
64,"Government Medical College",Godhra,Gujarat,2022,"3,30,000"
65,"Government Medical College",Porbandar,Gujarat,2022,"3,30,000"
66,"GMERS Medical College",Rajpipla,Gujarat,2022,"3,30,000"
67,"GMERS Medical College",Navsari,Gujarat,2022,"3,30,000"
68,"PT. B.D. Sharma PGIMS",Rohtak,Haryana,1960,"80,000"
69,"ESIC Medical College",Faridabad,Haryana,2015,"1,00,000"
70,"BPS Government Medical College for Women",Sonepat,Haryana,2012,"80,000"
71,"Maharaja Agrasen Medical College",Agroha,Haryana,2002,"1,80,000"
72,"Shaheed Hasan Khan Mewati GMC",Mewat,Haryana,2013,"80,000"
73,"Kalpana Chawla Government Medical College",Karnal,Haryana,2017,"80,000"
74,"Shri Atal Bihari Vajpayee GMC",Faridabad,Haryana,2022,"80,000"
75,"AIIMS Bilaspur",Bilaspur,Himachal Pradesh,2020,"1,628"
76,"Indira Gandhi Medical College",Shimla,Himachal Pradesh,1966,"60,000"
77,"Dr. Rajendra Prasad Government Medical College",Tanda,Himachal Pradesh,1996,"60,000"
78,"SLBS Government Medical College",Mandi,Himachal Pradesh,2017,"87,200"
79,"Dr. Radhakrishnan Government Medical College",Hamirpur,Himachal Pradesh,2018,"60,000"
80,"Pt. Jawahar Lal Nehru GMC",Chamba,Himachal Pradesh,2017,"60,000"
81,"AIIMS Jammu",Jammu,Jammu & Kashmir,2020,"1,628"
82,"Sher-I-Kashmir Institute of Medical Sciences",Srinagar,Jammu & Kashmir,1988,"26,100"
83,"Government Medical College",Jammu,Jammu & Kashmir,1972,"26,380"
84,"Government Medical College",Srinagar,Jammu & Kashmir,1959,"34,215"
85,"Government Medical College",Anantnag,Jammu & Kashmir,2019,"26,000"
86,"Government Medical College",Baramulla,Jammu & Kashmir,2019,"28,850"
87,"Government Medical College",Kathua,Jammu & Kashmir,2019,"26,250"
88,"Government Medical College",Rajouri,Jammu & Kashmir,2019,"26,250"
89,"Government Medical College",Doda,Jammu & Kashmir,2020,"26,250"
90,"Government Medical College",Handwara,Jammu & Kashmir,2023,"34,215"
91,"Government Medical College",Udhampur,Jammu & Kashmir,2023,"27,060"
92,"AIIMS Deoghar",Deoghar,Jharkhand,2019,"5,856"
93,"Rajendra Institute of Medical Sciences (RIMS)",Ranchi,Jharkhand,1960,"10,050"
94,"M. G. M. Medical College",Jamshedpur,Jharkhand,1961,"9,130"
95,"Shaheed Nirmal Mahto Medical College",Dhanbad,Jharkhand,1969,"8,500"
96,"Sheikh Bhikhari Medical College",Hazaribagh,Jharkhand,2019,"9,180"
97,"Phulo Jhano Medical College",Dumka,Jharkhand,2019,"19,000"
98,"Medinirai Medical College",Palamu,Jharkhand,2019,"8,980"
99,"Bangalore Medical College and Research Institute",Bengaluru,Karnataka,1955,"70,200"
100,"Mysore Medical College and Research Institute",Mysuru,Karnataka,1924,"67,050"
101,"Karnataka Institute of Medical Sciences",Hubballi,Karnataka,1957,"64,040"
102,"Mandya Institute of Medical Sciences",Mandya,Karnataka,2006,"66,000"
103,"Shri Atal Bihari Vajpayee Medical College & RI",Bengaluru,Karnataka,2019,"70,470"
104,"Vijayanagar Institute of Medical Sciences",Ballari,Karnataka,1961,"65,160"
105,"Belgaum Institute of Medical Sciences",Belagavi,Karnataka,2006,"65,780"
106,"ESI-MC & PGIMSR",Bengaluru,Karnataka,2012,"1,00,000"
107,"Hassan Institute of Medical Sciences",Hassan,Karnataka,2006,"70,500"
108,"Shimoga Institute of Medical Sciences",Shivamogga,Karnataka,2007,"80,400"
109,"ESIC Medical College",Kalaburagi,Karnataka,2013,"69,450"
110,"Gulbarga Institute of Medical Sciences",Kalaburagi,Karnataka,2015,"69,450"
111,"Bidar Institute of Medical Sciences",Bidar,Karnataka,2007,"69,450"
112,"Raichur Institute of Medical Sciences",Raichur,Karnataka,2007,"68,550"
113,"Gadag Institute of Medical Sciences",Gadag,Karnataka,2015,"73,350"
114,"Kodagu Institute of Medical Sciences",Madikeri,Karnataka,2016,"77,400"
115,"Koppal Institute of Medical Sciences",Koppal,Karnataka,2015,"75,650"
116,"Karwar Institute of Medical Sciences",Karwar,Karnataka,2016,"50,000"
117,"Chamarajanagar Institute of Medical Sciences",Chamarajanagar,Karnataka,2016,"77,000"
118,"Chikkaballapura Institute of Medical Sciences",Chikkaballapur,Karnataka,2021,"73,370"
119,"Chikkamagaluru Institute of Medical Sciences",Chikkamagaluru,Karnataka,2021,"74,470"
120,"Yadgiri Institute of Medical Sciences",Yadgiri,Karnataka,2022,"74,100"
121,"Haveri Institute of Medical Sciences",Haveri,Karnataka,2022,"74,100"
122,"Chitradurga Medical College",Chitradurga,Karnataka,2023,"1,07,740"
123,"Government Medical College",Kozhikode,Kerala,1957,"30,200"
124,"Government Medical College",Thiruvananthapuram,Kerala,1951,"31,570"
125,"Government Medical College",Kottayam,Kerala,1960,"31,570"
126,"Government Medical College",Thrissur,Kerala,1981,"31,570"
127,"T.D. Medical College",Alappuzha,Kerala,1963,"31,570"
128,"Government Medical College",Kannur,Kerala,1995,"31,570"
129,"Government Medical College",Ernakulam,Kerala,2000,"31,570"
130,"Government Medical College, ESIC",Kollam,Kerala,2017,"27,580"
131,"Government Medical College",Manjeri,Kerala,2013,"28,950"
132,"Government Medical College",Palakkad,Kerala,2014,"28,950"
133,"Government Medical College",Idukki,Kerala,2022,"31,570"
134,"Government Medical College",Konni,Kerala,2022,"31,570"
135,"AIIMS Bhopal",Bhopal,Madhya Pradesh,2012,"1,17,850"
136,"MGM Medical College",Indore,Madhya Pradesh,1948,"1,18,000"
137,"Gandhi Medical College",Bhopal,Madhya Pradesh,1955,"1,15,000"
138,"Netaji Subhash Chandra Bose Medical College",Jabalpur,Madhya Pradesh,1955,"1,14,000"
139,"G.R. Medical College",Gwalior,Madhya Pradesh,1946,"1,21,500"
140,"S.S. Medical College",Rewa,Madhya Pradesh,1963,"1,21,985"
141,"Bundelkhand Medical College",Sagar,Madhya Pradesh,2009,"1,14,000"
142,"Government Medical College",Ratlam,Madhya Pradesh,2018,"1,16,350"
143,"Atal Bihari Vajpayee Government Medical College",Vidisha,Madhya Pradesh,2018,"1,00,000"
144,"Government Medical College",Khandwa,Madhya Pradesh,2018,"1,00,000"
145,"Government Medical College",Datia,Madhya Pradesh,2018,"1,26,000"
146,"Chhindwara Institute of Medical Sciences",Chhindwara,Madhya Pradesh,2019,"1,14,000"
147,"Government Medical College",Shivpuri,Madhya Pradesh,2019,"1,42,000"
148,"Government Medical College",Shahdol,Madhya Pradesh,2019,"1,22,000"
149,"Government Medical College",Satna,Madhya Pradesh,2023,"1,21,985"
150,"AIIMS Bhubaneswar",Bhubaneswar,Odisha,2012,"5,856"
151,"S.C.B. Medical College",Cuttack,Odisha,1944,"38,050"
152,"MKCG Medical College",Berhampur,Odisha,1962,"38,291"
153,"V.S.S. Medical College",Burla,Odisha,1959,"37,950"
154,"Government Medical College & Hospital",Balasore,Odisha,2018,"38,386"
155,"Pandit Raghunath Murmu Medical College",Baripada,Odisha,2017,"37,950"
156,"Bhima Bhoi Medical College & Hospital",Balangir,Odisha,2018,"38,256"
157,"Saheed Laxman Nayak Medical College & Hospital",Koraput,Odisha,2017,"38,256"
158,"Sri Jagannath Medical College & Hospital",Puri,Odisha,2021,"38,040"
159,"Government Medical College",Keonjhar,Odisha,2022,"37,950"
160,"Government Medical College",Sundargarh,Odisha,2022,"38,256"
161,"Saheed Rendo Majhi Medical College",Bhawanipatna,Odisha,2023,"38,256"
162,"AIIMS Nagpur",Nagpur,Maharashtra,2018,"5,826"
163,"Seth G.S. Medical College",Mumbai,Maharashtra,1925,"1,34,600"
164,"Grant Medical College & Sir J.J. Hospital",Mumbai,Maharashtra,1845,"1,39,700"
165,"Byramjee Jeejeebhoy Medical College",Pune,Maharashtra,1964,"1,39,800"
166,"Lokmanya Tilak Municipal Medical College",Mumbai,Maharashtra,1964,"1,38,100"
167,"Topiwala National Medical College",Mumbai,Maharashtra,1964,"1,38,100"
168,"Dr. R. N. Cooper Municipal General Hospital",Mumbai,Maharashtra,2015,"1,12,800"
169,"Rajiv Gandhi Medical College",Thane,Maharashtra,1992,"1,25,800"
170,"Government Medical College",Nagpur,Maharashtra,1947,"1,30,700"
171,"Government Medical College",Aurangabad,Maharashtra,1956,"1,39,310"
172,"Indira Gandhi Government Medical College",Nagpur,Maharashtra,1968,"1,41,950"
173,"Dr. Vaishampayan Memorial Medical College",Solapur,Maharashtra,1963,"1,38,700"
174,"Government Medical College",Miraj,Maharashtra,1962,"1,38,200"
175,"Rajarshi Chhatrapati Shahu Maharaj GMC",Kolhapur,Maharashtra,1962,"1,38,200"
176,"Government Medical College",Baramati,Maharashtra,2019,"1,38,700"
177,"Mahatma Gandhi Institute of Medical Sciences",Wardha,Maharashtra,1969,"4,41,960"
178,"Dr. Shankarrao Chavan Government Medical College",Nanded,Maharashtra,1988,"1,30,730"
179,"Government Medical College",Akola,Maharashtra,2002,"1,43,500"
180,"Shri Bhausaheb Hire Government Medical College",Dhule,Maharashtra,1988,"1,43,300"
181,"Shri Vasantrao Naik Government Medical College",Yavatmal,Maharashtra,1989,"1,43,200"
182,"Government Medical College",Latur,Maharashtra,2002,"1,25,700"
183,"Government Medical College & Hospital",Jalgaon,Maharashtra,2018,"1,30,700"
184,"Swami Ramanand Teerth Rural GMC",Beed,Maharashtra,1974,"1,44,950"
185,"Government Medical College & Hospital",Chandrapur,Maharashtra,2015,"1,27,900"
186,"Government Medical College",Gondia,Maharashtra,2016,"1,44,300"
187,"Government Medical College",Nandurbar,Maharashtra,2020,"1,30,700"
188,"Government Medical College & Hospital",Alibag,Maharashtra,2021,"1,38,060"
189,"Government Medical College & General Hospital",Satara,Maharashtra,2021,"1,39,700"
190,"Government Medical College",Osmanabad,Maharashtra,2022,"1,42,750"
191,"Government Medical College & District Gen Hosp",Ratnagiri,Maharashtra,2023,"1,39,700"
192,"Government Medical College",Parbhani,Maharashtra,2023,"1,43,500"
193,"AIIMS New Delhi",New Delhi,Delhi,1956,"1,628"
194,"Maulana Azad Medical College",New Delhi,Delhi,1958,"2,445"
195,"Vardhman Mahavir Medical College & Safdarjung Hosp",New Delhi,Delhi,2001,"7,045"
196,"Lady Hardinge Medical College",New Delhi,Delhi,1916,"1,355"
197,"ABVIMS & Dr. Ram Manohar Lohia Hospital",New Delhi,Delhi,2019,"36,000"
198,"University College of Medical Sciences",New Delhi,Delhi,1971,"7,045"
199,"Dr. Baba Saheb Ambedkar Medical College",Delhi,Delhi,2016,"1,11,000"
200,"North Delhi Municipal Corporation Medical College",Delhi,Delhi,2013,"1,02,000"
201,"AIIMS Madurai",Madurai,Tamil Nadu,2022,"18,073"
202,"Madras Medical College",Chennai,Tamil Nadu,1835,"19,215"
203,"Stanley Medical College",Chennai,Tamil Nadu,1838,"15,473"
204,"Coimbatore Medical College",Coimbatore,Tamil Nadu,1966,"18,073"
205,"Government Kilpauk Medical College",Chennai,Tamil Nadu,1960,"15,473"
206,"Madurai Medical College",Madurai,Tamil Nadu,1954,"18,073"
207,"Thanjavur Medical College",Thanjavur,Tamil Nadu,1959,"18,073"
208,"Chengalpattu Medical College",Chengalpattu,Tamil Nadu,1965,"19,673"
209,"Tirunelveli Medical College",Tirunelveli,Tamil Nadu,1965,"18,453"
210,"Government Mohan Kumaramangalam MC",Salem,Tamil Nadu,1986,"18,073"
211,"Government Perundurai Medical College (IRT)",Perundurai,Tamil Nadu,1992,"16,233"
212,"Rajah Muthiah Medical College",Chidambaram,Tamil Nadu,1985,"18,110"
213,"K.A.P. Viswanatham Government Medical College",Tiruchirappalli,Tamil Nadu,1998,"19,460"
214,"Government Medical College, Omandurar",Chennai,Tamil Nadu,2015,"13,610"
215,"Thiruvannamalai Government Medical College",Thiruvannamalai,Tamil Nadu,2013,"18,073"
216,"Government Vellore Medical College",Vellore,Tamil Nadu,2005,"15,473"
217,"ESIC Medical College & PGIMSR",Chennai,Tamil Nadu,2013,"1,00,000"
218,"Government Dharmapuri Medical College",Dharmapuri,Tamil Nadu,2008,"16,660"
219,"Government Theni Medical College",Theni,Tamil Nadu,2006,"18,073"
220,"Government Medical College and ESI Hospital",Coimbatore,Tamil Nadu,2016,"18,073"
221,"Government Villupuram Medical College (GVMC)",Villupuram,Tamil Nadu,2010,"18,073"
222,"Government Thoothukudi Medical College",Thoothukudi,Tamil Nadu,2000,"13,610"
223,"Kanyakumari Government Medical College",Asaripallam,Tamil Nadu,2003,"13,610"
224,"Government Thiruvarur Medical College (GTMC)",Thiruvarur,Tamil Nadu,2010,"15,023"
225,"Government Sivagangai Medical College",Sivagangai,Tamil Nadu,2012,"13,610"
226,"Government Pudukkottai Medical College Hospital",Pudukkottai,Tamil Nadu,2017,"18,073"
227,"Government Medical College, Karur",Karur,Tamil Nadu,2019,"18,073"
228,"Government Medical College, Ariyalur",Ariyalur,Tamil Nadu,2021,"19,863"
229,"Government Medical College, Dindigul",Dindigul,Tamil Nadu,2021,"13,610"
230,"Government Medical College, Kallakurichi",Kallakurichi,Tamil Nadu,2021,"15,033"
231,"Government Medical College, Krishnagiri",Krishnagiri,Tamil Nadu,2021,"15,033"
232,"Government Medical College, Nagapattinam",Nagapattinam,Tamil Nadu,2021,"15,350"
233,"Government Medical College, Namakkal",Namakkal,Tamil Nadu,2021,"18,083"
234,"Government Medical College, Nilgiris",Ooty,Tamil Nadu,2021,"15,403"
235,"Government Medical College, Ramanathapuram",Ramanathapuram,Tamil Nadu,2021,"18,083"
236,"Government Medical College, Thiruvallur",Thiruvallur,Tamil Nadu,2021,"15,350"
237,"AIIMS Gorakhpur",Gorakhpur,Uttar Pradesh,2019,"42,000"
238,"AIIMS Raebareli",Raebareli,Uttar Pradesh,2019,"5,826"
239,"Institute of Medical Sciences, BHU",Varanasi,Uttar Pradesh,1960,"29,874"
240,"Jawaharlal Nehru Medical College, AMU",Aligarh,Uttar Pradesh,1961,"46,340"
241,"King George's Medical University",Lucknow,Uttar Pradesh,1911,"54,600"
242,"Dr. Ram Manohar Lohia Institute of Med Sciences",Lucknow,Uttar Pradesh,2012,"18,000"
243,"GSVM Medical College",Kanpur,Uttar Pradesh,1955,"36,000"
244,"Moti Lal Nehru Medical College",Prayagraj,Uttar Pradesh,1961,"42,000"
245,"LLRM Medical College",Meerut,Uttar Pradesh,1966,"42,000"
246,"Government Institute of Medical Sciences",Greater Noida,Uttar Pradesh,2019,"83,600"
247,"S N Medical College",Agra,Uttar Pradesh,1939,"36,000"
248,"BRD Medical College",Gorakhpur,Uttar Pradesh,1972,"42,000"
249,"Maharani Laxmi Bai Medical College",Jhansi,Uttar Pradesh,1968,"42,000"
250,"UP University of Medical Sciences",Saifai,Uttar Pradesh,2006,"42,000"
251,"Government Medical College",Saharanpur,Uttar Pradesh,2015,"32,000"
252,"Government Medical College",Ambedkar Nagar,Uttar Pradesh,2011,"36,000"
253,"Government Medical College",Kannauj,Uttar Pradesh,2012,"36,000"
254,"Government Medical College",Jalaun,Uttar Pradesh,2011,"40,800"
255,"Government Medical College",Azamgarh,Uttar Pradesh,2013,"40,800"
256,"Government Medical College",Banda,Uttar Pradesh,2016,"40,800"
257,"Government Medical College",Ayodhya,Uttar Pradesh,2019,"40,800"
258,"Government Medical College",Firozabad,Uttar Pradesh,2019,"40,800"
259,"Government Medical College",Badaun,Uttar Pradesh,2019,"36,000"
260,"Government Medical College",Shahjahanpur,Uttar Pradesh,2019,"40,800"
261,"Government Medical College",Basti,Uttar Pradesh,2019,"36,000"
262,"Rajkiya Allopathic Medical College",Bahraich,Uttar Pradesh,2019,"36,000"
263,"Autonomous State Medical College",Etawah,Uttar Pradesh,2021,"42,000"
264,"Maharshi Devraha Baba State Medical College",Deoria,Uttar Pradesh,2021,"40,800"
265,"Autonomous State Medical College",Fatehpur,Uttar Pradesh,2021,"36,000"
266,"Autonomous State Medical College",Siddharthnagar,Uttar Pradesh,2021,"40,800"
267,"Autonomous State Medical College",Hardoi,Uttar Pradesh,2021,"40,800"
268,"Autonomous State Medical College",Pratapgarh,Uttar Pradesh,2021,"36,000"
269,"Autonomous State Medical College",Mirzapur,Uttar Pradesh,2021,"36,000"
270,"Autonomous State Medical College",Jaunpur,Uttar Pradesh,2021,"40,800"
271,"Autonomous State Medical College",Ghazipur,Uttar Pradesh,2021,"36,000"
272,"AIIMS Bibinagar",Hyderabad,Telangana,2019,"5,856"
273,"Gandhi Medical College",Secunderabad,Telangana,1954,"29,000"
274,"Osmania Medical College",Hyderabad,Telangana,1846,"29,000"
275,"Kakatiya Medical College",Warangal,Telangana,1946,"12,000"
276,"ESIC Medical College",Hyderabad,Telangana,2016,"41,000"
277,"Government Medical College",Mahabubnagar,Telangana,2016,"1,00,000"
278,"Government Medical College",Siddipet,Telangana,2018,"12,000"
279,"Rajiv Gandhi Institute of Medical Sciences",Adilabad,Telangana,2008,"41,000"
280,"Government Medical College",Nalgonda,Telangana,2019,"12,000"
281,"Government Medical College",Suryapet,Telangana,2019,"29,000"
282,"Government Medical College",Sangareddy,Telangana,2022,"41,000"
283,"Government Medical College, Nizamabad",Nizamabad,Telangana,2013,"59,200"
284,"Government Medical College",Mahabubabad,Telangana,2016,"16,065"
285,"Government Medical College",Kothagudem,Telangana,2022,"59,200"
286,"Government Medical College",Mancherial,Telangana,2022,"41,000"
287,"Government Medical College",Jagtial,Telangana,2022,"29,000"
288,"Government Medical College",Wanaparthy,Telangana,2022,"41,000"
289,"Government Medical College",Nagarkurnool,Telangana,2023,"41,000"
290,"Government Medical College",Ramagundam,Telangana,2023,"59,200"
291,"Government Medical College",Karimnagar,Telangana,2023,"41,000"
292,"Government Medical College",Khammam,Telangana,2023,"41,000"
293,"Government Medical College",Asifabad,Telangana,2023,"41,000"
294,"Government Medical College",Vikarabad,Telangana,2023,"41,000"
295,"Government Medical College",Sircilla,Telangana,2023,"41,000"
296,"Government Medical College",Kamareddy,Telangana,2023,"41,000"
297,"Government Medical College",Jangaon,Telangana,2023,"41,000"
298,"Government Medical College",Bhupalpally,Telangana,2023,"41,000"
299,"Government Medical College",Nirmal,Telangana,2023,"59,200"
300,"AIIMS Kalyani",Kalyani,West Bengal,2019,"5,826"
301,"Medical College Kolkata",Kolkata,West Bengal,1838,"6,520"
302,"Nilratan Sircar Medical College",Kolkata,West Bengal,1948,"9,000"
303,"IPGMER",Kolkata,West Bengal,1957,"6,500"
304,"R.G. Kar Medical College",Kolkata,West Bengal,1916,"6,520"
305,"Calcutta National Medical College",Kolkata,West Bengal,1948,"6,500"
306,"College of Medicine & Sagar Dutta Hospital",Kolkata,West Bengal,2011,"9,000"
307,"Burdwan Medical College",Burdwan,West Bengal,1969,"9,000"
308,"College of Medicine & JNM Hospital",Kalyani,West Bengal,2010,"9,166"
309,"Bankura Sammilani Medical College",Bankura,West Bengal,1956,"9,166"
310,"North Bengal Medical College",Darjeeling,West Bengal,1968,"6,500"
311,"Midnapore Medical College",Midnapore,West Bengal,2001,"11,144"
312,"ESIC PGIMSR, Joka",Kolkata,West Bengal,2013,"1,00,000"
313,"Murshidabad Medical College",Murshidabad,West Bengal,2012,"9,144"
314,"Malda Medical College",Malda,West Bengal,2011,"6,500"
315,"Diamond Harbour Government Medical College",Diamond Harbour,West Bengal,2019,"11,350"
316,"Rampurhat Government Medical College",Rampurhat,West Bengal,2019,"9,166"
317,"Raiganj Government Medical College",Raiganj,West Bengal,2019,"6,520"
318,"Maharaja Jitendra Narayan Medical College",Cooch Behar,West Bengal,2019,"11,020"
319,"Deben Mahata Purulia Government Medical College",Purulia,West Bengal,2020,"11,020"
320,"Barasat Government Medical College",Barasat,West Bengal,2022,"11,144"
321,"Jalpaiguri Government Medical College",Jalpaiguri,West Bengal,2022,"11,144"
322,"Prafulla Chandra Sen Government Medical College",Arambagh,West Bengal,2022,"11,144"
323,"Jhargram Government Medical College",Jhargram,West Bengal,2022,"11,144"
324,"Sarat Chandra Chattopadhyay GMC",Uluberia,West Bengal,2022,"11,144"
325,"Tamralipto Government Medical College",Tamluk,West Bengal,2022,"11,144"
326,"Andaman & Nicobar Islands Inst. of Med. Sciences",Port Blair,Andaman,2015,"79,100"
327,"JIPMER Puducherry",Puducherry,Pondicherry,1956,"6,770"
328,"JIPMER Karaikal",Karaikal,Pondicherry,2016,"6,770"
329,"Indira Gandhi Medical College & RI",Puducherry,Pondicherry,2010,"1,43,700"
330,"Nagaland Institute of Medical Sciences",Kohima,Nagaland,2023,"1,33,900"
331,"NEIGRIHMS Shillong",Shillong,Meghalaya,2008,"47,600"
332,"Government Medical College & Hospital",Chandigarh,Chandigarh,1991,"24,979"
333,"Tomo Riba Institute of Health & Medical Sciences",Naharlagun,Arunachal Pradesh,2018,"77,100"
334,"Zoram Medical College",Falkawn,Mizoram,2018,"96,850"
335,"Shri Vinoba Bhave Institute of Medical Sciences",Silvassa,Dadra & NH,2019,"60,100"
336,"Goa Medical College",Panaji,Goa,1946,"79,000"
337,"Agartala Government Medical College",Agartala,Tripura,2005,"75,100"