,,,,,,
,,,,,,
,,,,,,
State,S.No,College,City,Fees Per Year,,
Uttar Pradesh,1,Sri Ram Murti Smarak Institute Of Medical Sciences,Bareilly,"13,73,760",,
Uttar Pradesh,2,Muzaffarnagar Medical College,Muzaffarnagar,"12,80,037",,
Uttar Pradesh,3,Rohilkhand Medical College & Hospital,Bareilly,"13,00,251",,
Uttar Pradesh,4,Rama Medical College & Hospital,Kanpur,"12,66,579",,
Uttar Pradesh,5,Saraswati Institute Of Medical Science,Hapur,"11,81,671",,
Uttar Pradesh,6,Hind Institute Of Medical Sciences,Barabanki,"11,70,612",,
Uttar Pradesh,7,SOMS (Sharda University),Greater Noida,"12,69,319",,
Uttar Pradesh,8,Rama Medical College & Hospital,Hapur,"13,09,968",,
Uttar Pradesh,9,Subharti Med Coll,Meerut,"11,85,133",,
Uttar Pradesh,10,Rajshree Medical Research Institute,Bareilly,"12,28,408",,
Uttar Pradesh,11,Heritage Institute Of Medical Sciences,Varanasi,"13,21,492",,
Uttar Pradesh,12,Hind Institute Of Medical Sciences,Sitapuri,"10,77,229",,
Uttar Pradesh,13,T.S. Mishra Medical College & Hospital,Lucknow,"12,99,199",,
Uttar Pradesh,14,Prasad Institute Of Medical Sciences,Lucknow,"11,03,932",,
Uttar Pradesh,15,Mayo Institute Of Medical Sciences,Barabanki,"11,70,612",,
Uttar Pradesh,16,Krishan Mohan Medical Colleges,Mathura,"11,73,856",,
Uttar Pradesh,17,Saraswati Medical College,Unnao,"11,59,610",,
Uttar Pradesh,18,K D Medical College,Mathura,"12,28,240",,
Uttar Pradesh,19,GS Medical College,Hapur,"11,78,892",,
Uttar Pradesh,20,National Capital Region Institute Of Medical Sciences,Meerut,"12,19,917",,
Uttar Pradesh,21,Varunaryan Medical College,Shahjahanpur,"12,10,000",,
Uttar Pradesh,22,Shri Venkateshwara Institute Of Medical Science,Amrohi,"11,10,508",,
Uttar Pradesh,23,United Institute Of Medical Sciences,Prayagraj,"11,90,401",,
Uttar Pradesh,24,Noida International Institute Of Medical Sciences,Greater Noida,"11,92,211",,
Uttar Pradesh,25,Naraina Medical College,Kanpur,"12,14,683",,
Uttar Pradesh,26,SKS Medical College,Mathura,"12,14,683",,
Uttar Pradesh,27,Career Institute Of Medical Sciences & Hospital,Lucknow,"15,80,000",,
Uttar Pradesh,28,Era's Lucknow Medical College & Hospital. (8% Y),Lucknow,"16,60,000",,
Uttar Pradesh,29,Teerthankar Mahaveer Medical College (8.1 % Y),Moradabad,"16,20,000",,
Uttar Pradesh,30,F.H. Medical College,Agra,"16,50,000",,
Uttar Pradesh,31,Integral Institute Of Medical Sciences,Lucknow,"17,00,000",,
West Bengal,1,K.P.C Medical College & Hospital,Kolkata,"16,00,000",,
West Bengal,2,IQ City Medical College,Durgapur,"22,00,000",,
West Bengal,3,Jagannath Gupta Institute Of Medical Sciences & Hospital,Kolkata,"19,00,000",,
West Bengal,4,ICare Institute Of Medical Science & Research,Medinipur,"19,00,000",,
West Bengal,5,JIS School Of Medical Science & Research,Howrah,"21,88,000",,
West Bengal,6,JMN Medical College,Kolkata,"19,00,000",,
West Bengal,7,Gouri Devi Institute of Medical Sciences & Hospital,Durgapur,"21,88,000",,
West Bengal,8,Shantiniketan Medical College,Gobindapur,"19,00,000",,
West Bengal,9,Shri Ramkrishna Institute of Medical Sciences & Sanaka Hospitals,Durgapur,"19,00,000",,
Haryana,1,SGT Medical College & Research Institute,Gurgaon,"18,00,000",,
Haryana,2,Al-Falah School of Medical Science & Research Centre,Faridabad,"14,25,000",,
Haryana,3,NC Medical College & Hospital,Panipat,"12,00,000",,
Haryana,4,Adesh Medical College & Hospital,Kurukshetra,"12,00,000",,
Haryana,5,World College of Medical Sciences,Jhajjar,"12,00,000",,
Karnataka,1,Sri Madhusudan Sai,Chikballaapur,750,OPN,
Karnataka,2,St John's Medical College,Bangalore,"7,88,385",OPN,
Karnataka,3,Kempegowda IMS,Bangalore,"10,92,852",OPN,
Karnataka,4,Vydehi IMS & RC,Bangalore,"10,92,852",OPN,
Karnataka,5,Dr. B.R. Ambedkar Med. Coll,Bangalore,"10,92,852",OPN,
Karnataka,6,BGS Global Institute of Med. Sc.,Bangalore,"10,92,852",OPN,
Karnataka,7,M.V.J. Medical Coll. & Rich. Hosp.,Bangalore,"10,92,852",OPN,
Karnataka,8,Akash IMS & RC,Bangalore,"10,92,852",OPN,
Karnataka,9,East Point Medical College,Bangalore,"10,92,852",OPN,
Karnataka,10,S. Nijalingappa MC & RC,Bagalkot,"10,92,852",OPN,
Karnataka,11,Al-Ameen Medical College,Bijapur,"10,92,852",OPN,
Karnataka,12,Sri Basaveshwara MCH,Chitradurga,"10,92,852",OPN,
Karnataka,13,JJM Davangere,Davangere,"10,92,852",OPN,
Karnataka,14,SSIMS Davangere,Davangere,"10,92,852",OPN,
Karnataka,15,Mahadevappa Rampura MC,Gulbarga,"10,92,852",OPN,
Karnataka,16,The Oxford MCH & RC,Bangalore,"10,92,852",OPN,
Karnataka,17,Father Muller,Mangalore,"10,92,852",OPN,
Karnataka,18,A.J. IMS & Research Center,Mangalore,"10,92,852",OPN,
Karnataka,19,Srinivasa IM,Rich. Center,Mangalore,"10,92,852",OPN
Karnataka,20,Kanachur IMS & RC,Mangalore,"10,92,852",OPN,
Karnataka,21,KVG Sullia,Mangalore,"10,92,852",OPN,
Karnataka,22,G R Med College & RC,Mangalore,"10,92,852",OPN,
Karnataka,23,Navodaya Medical College,Raichur,"10,92,852",OPN,
Karnataka,24,Subbaiah Inst. of Med. Sc.,Shimoga,"10,92,852",OPN,
Karnataka,25,Shridevi IMS & Research Hospital,Tumkur,"10,92,852",OPN,
Karnataka,26,Siddaganga Medical College,Tumkuru,"10,92,852",OPN,
Karnataka,27,Sri Chamundeshwari,Ramanagar,"10,92,852",OPN,
Karnataka,28,M.S. Ramaiah Medical College,Bangalore,"22,15,750",OPN,
Karnataka,28,Sapthagiri Institute of Med. Sc.,Bangalore,"22,12,700",OPN,
Karnataka,30,Khan Banda Navaz IMS,Gulbarga,"16,30,715",OPN,
Karnataka,31,SDM College of Med.Sc. & Hosp.,Dharwad,"20,15,750",OPN,
Karnataka,32,Adichunchanagiri Inst. of Med Sc,Mandya,"20,15,750",OPN,
Karnataka,33,Dr. Chand. Dayananda Sagar,Haroballi,"20,15,750",OPN,
Bihar,1,Katihar Medical College,Katihar,"9,35,000",,
Bihar,2,Mata Gujri Memorial Medical College,Kishanganj,"9,63,000",,
Bihar,3,Narayan Medical College & Hospital,Sasaram,"10,38,000",,
Bihar,4,Lord Budha Koshi Medical College & Hospital,Saharsa,"12,00,000",,
Bihar,5,Shri Narayan Medical Institute & Hospital,Saharsa,"13,00,000",,
Bihar,6,RDJM Medical College & Hospital,Muzaffarpur,"13,00,000",,
Bihar,7,Madhubani Medical College,Madhubani,"13,50,000",,
Bihar,8,Netaji Subhas Medical College & Hospital,Bihta,"16,25,000",,
Kerala,1,Jubilee Mission Med. Coll & Research Institute,Thrisur,"7,77,180",,
Kerala,2,Amala Inst. Of Med. Sc,Thrisur,"7,77,180",,
Kerala,3,Malankara Orthodox Syrian Church Medi. Coll,Kottayam,"7,77,180",,
Kerala,4,Pushpagiri IMS,Thiruvalla,"7,77,180",,
Kerala,5,Believers Church Med Coll & Hospital,Thiruvalla,"7,77,180",,
Kerala,6,MES Med Coll,,Malapuram,"7,77,180",
Kerala,7,Sree Gokulam MC,Venjaramoodu,"7,34,853",,
Kerala,8,SUT Accademy OF MS,Thiruvananthapuram,"7,39,528",,
Kerala,9,Dr. Somervell Memorial CSI MC,Karakoram,"7,77,180",,
Kerala,10,P K Das Inst. of Med Sc,Ottapalam,"7,05,806",,
Kerala,11,Travancore Med Coll,Kollam,"7,77,180",,
Kerala,12,KMCT Med Coll,Kozikkode,"7,68,881",,
Kerala,13,Malabar Med Coll,Kozikkode,"7,77,180",,
Kerala,14,Dr. Moopen's Med Coll,Wayanad,"8,44,551",,
Kerala,15,Azeezia IMS,Meyyannor,"7,77,180",,
Kerala,16,Sree Narayana Init. of Med.Sc,Ernakulam,"8,09,488",,
Kerala,17,Mount Zion Med Coll,Pathanamthitta,"7,71,371",,
Kerala,18,Al Azhar Med Coll,Thodupuzha,"7,77,180",,
Kerala,19,Karuna Med Coll,Palakkad,"7,50,266",,
Andhra Pradesh,1,Apollo Institute of Medical Sciences,Chittor,"12,00,000",,
Andhra Pradesh,2,Alluri Seetharama Raju Academy of Medical Sciences,West Godawari,"12,00,000",,
Andhra Pradesh,3,Fathima Institute of Medical Sciences,Kadapa,"12,00,000",,
Andhra Pradesh,4,Great Eastern Medical School,Ragolu,"12,00,000",,
Andhra Pradesh,5,GSL Medical College,Rajahmundry,"12,00,000",,
Andhra Pradesh,6,G.V.P.H & Medical Technology,Visakhapatnam,"12,00,000",,
Andhra Pradesh,7,Katuri Medical College,Guntur,"12,00,000",,
Andhra Pradesh,8,Konaseema Institute Of Med Science,Amalapuram,"12,00,000",,
Andhra Pradesh,9,Maharaja Institute Of Med Science,Nellimarla,"12,00,000",,
Andhra Pradesh,10,Narayana Medical College,Nellore,"12,00,000",,
Andhra Pradesh,11,Nirma Institute of Medical Science,Vijaywada,"12,00,000",,
Andhra Pradesh,12,NRI Medical College,Guntur,"12,00,000",,
Andhra Pradesh,13,NRI Institute Of Med Science,Visakhapatnam,"12,00,000",,
Andhra Pradesh,14,PES Institute Of Med Science,Kuppam,"12,00,000",,
Andhra Pradesh,15,Dr. P Siddardha Institute Of Med Science,Vijaywada,"12,00,000",,
Andhra Pradesh,16,Santhiram Medical College,Kurnool,"12,00,000",,
Andhra Pradesh,17,VMC Medical College,Kurnool,"12,00,000",,
Punjab,1,Christian Medical College,Ludhiana,"6,60,000",,
Punjab,2,Dayanand Medical College & Hospital,Ludhiana,"10,41,000",,
Punjab,3,Gian Sagar Medical College & Hospital,Patiala,"10,41,000",,
Punjab,4,Punjab Institute of Medical Sciences,Jalandhar,"10,41,000",,
Punjab,5,Adesh Institute Of Medical Science & Research,Bathinda,"10,41,000",,
Punjab,6,Sri Guru Ram Das Institute of Medical Sciences & Research,Amritsar,"10,41,000",,
Telangana,1,Apollo Institute of Medical Sciences and Research,Hyderabad,"13,00,000",,
Telangana,2,Bhaskar Medical College,Yenkapally,"11,55,000",,
Telangana,3,Malla Reddy Institute of Medical Sciences,Hyderabad,"13,00,000",,
Telangana,4,Mamata Academy of Medical Sciences,Bachupally,"12,00,000",,
Telangana,5,Kamineni Institute of Medical Sciences,Narketpally,"13,00,000",,
Telangana,6,Mediciti Institute of Medical Sciences,Ghanpur,"12,00,000",,
Telangana,7,Mamata Medical College,Khammam,"12,00,000",,
Telangana,8,Chalmeda Anand Rao Institute of Medical Sciences,Bommakal,"13,00,000",,
Telangana,9,MNR Medical College & Hospital,Sangareddy,"13,00,000",,
Telangana,10,Kamineni Academy of Medical Sciences & Research,Hyderabad,"13,00,000",,
Telangana,11,Prathima Institute of Medical Sciences,Karimnagar,"12,00,000",,
Telangana,12,Malareddy Medical College For Women,Hyderabad,"12,00,000",,
Telangana,13,S V S Medical College,Mahboobnagar,"12,50,000",,
Telangana,14,Dr. Patnam Mahender Reddy Institute Of Medical,Rangareddy,"11,55,000",,
Telangana,15,R.V.M. Institute of Medical Sciences & Research,Siddipet,"12,00,000",,
Telangana,16,Surabhi Institute of Medical Sciences,Siddipet,"11,55,000",,
Telangana,17,Mahavir Institute of Medical Sciences,Vikarabad,"11,55,000",,
Telangana,18,Maheshwara Medical College,Chitkul,"11,55,000",,
Telangana,19,TRR Institute Of Medical Sciences,Patancheru,"11,55,000",,
Telangana,20,Prathima Relief Institute Of Medical Sciences,Warangal,"11,55,000",,
Telangana,21,Father Colombo Institute Of Medical Sciences,Warangal,"11,55,000",,
Telangana,22,Arundhati Institute Of Medical Sciences,Medchal,"11,55,000",,
Telangana,23,CMR Institute Of Medical Sciences,Medchal,"11,55,000",,
Telangana,24,Neelima Institute Of Medical Sciences,Medchal,"15,00,000",,
Telangana,25,Deccan College Of Medical Sciences,Hyderabad,"12,50,000",,
Telangana,26,Ayaan Institute Of Medical Sciences,Rangareddy,"12,00,000",,
Telangana,27,Dr VRK Womens Medical College,Rangareddy,"12,00,000",,
Telangana,28,Shadan Institute of Medical Sciences,Hyderabad,"12,00,000",,
Madhya Pradesh,1,People's College of Medical Sciences & Research Centre,Bhopal,"16,35,000",,
Madhya Pradesh,2,L.N. Medical College & Research Centre,Bhopal,"16,58,800",,
Madhya Pradesh,3,Chirayu Medical College & Hospital,Bhopal,"15,23,400",,
Madhya Pradesh,4,Sri Aurbrindo Institute of Medical Sciences,Indore,"12,49,760",,
Madhya Pradesh,5,Index Medical College Hospital & R.C.,Indore,"13,40,000",,
Madhya Pradesh,6,R D Gardi Medical College,Ujjain,"9,00,000",,
Madhya Pradesh,7,Amaltas Medical College,Dewas,"13,17,500",,
Madhya Pradesh,8,RKDF Medical College Hospital & Research Centre,Bhopal,"12,05,000",,
Madhya Pradesh,9,LNCT Medical College & Sewakunj Hospital,Indore,"13,65,000",,
Madhya Pradesh,10,Sukh Sagar Medical College and Hospital,Jabalpur,"9,50,000",,
Madhya Pradesh,11,Mahaveer Institute of Medical Science & Hospital,Bhopal,"10,00,000",,
Madhya Pradesh,12,Ram Krishna Medical College Hospital and Research Centre,Bhopal,"9,00,000",,
Tamil Nadu,1,Annapoorna Medical College & Hospital,Salem,"13,50,000",,
Tamil Nadu,2,Arunai Medical College & Hospital,Thiruvannamalai,"13,50,000",,
Tamil Nadu,3,Christian Medical College,Vellore,"53,000",,
Tamil Nadu,4,"Dhanalakshmi Srinivasan Medical College and Hospital,",Perambalur.,"13,50,000",,
Tamil Nadu,5,Indira Medical College and Hospital,Thiruvallur.,"13,50,000",,
Tamil Nadu,6,Karpagam Faculty of Medical Sciences & Research,Coimbatore,"13,50,000",,
Tamil Nadu,7,"Karpaga Vinayaga Institute of Medical Science and Research,",Madhurantagam,"13,50,000",,
Tamil Nadu,8,"KMCH Institute of Health Sciences and Research,",Coimbatore,"13,50,000",,
Tamil Nadu,9,"Madha Medical College and Research Institute,",Chennai,"13,50,000",,
Tamil Nadu,10,Melmaruvathur Adhiparasakthi Institute of Medical Science and Research,Melmaruvathur,"13,50,000",,
Tamil Nadu,11,Panimalar Medical College Hospital and Research Institute,Chennai,"13,50,000",,
Tamil Nadu,12,PSG Institute of Medical Sciences & Research,Coimbatore,"13,50,000",,
Tamil Nadu,13,"Sree Mookambika Institute of Medical Sciences,",Kanyakumari,"13,50,000",,
Tamil Nadu,14,Sri Muthukumaran Medical College Hospital and Research Institute,Chennai,"13,50,000",,
Tamil Nadu,15,"St. Peter's Medical College Hospital and Research Institute,",Krishnagiri,"13,50,000",,
Tamil Nadu,16,Swamy Vivekananda Medical College and Hospital and Research Institute,Namakkal,"13,50,000",,
Tamil Nadu,17,Tagore Medical College & Hospital,Chennai,"13,50,000",,
Tamil Nadu,18,Trichy SRM Medical College Hospital and Research Centre,Trichy,"13,50,000",,
Tamil Nadu,19,"Velammal Medical College Hospital and Research Institute,",Madurai,"13,50,000",,
Maharashtra,1,K. J. Somaiya Medical College,Mumbai,"10,23,140",,
Maharashtra,2,Terna Medical College,Navi Mumbai,"8,01,500",,
Maharashtra,3,"B.K.L. Walawalkar Rural Medical College,",Ratnagiri,"9,58,371",,
Maharashtra,4,MAEER'S M.I.T.M.E.R. Med. College,Pune,"8,80,000",,
Maharashtra,5,Smt. Kashibai Navale Medical College,Pune,"12,36,956",,
Maharashtra,6,"Ashwin Rural Med. College, Hospital & Research Centre,",Solapur,"8,80,357",,
Maharashtra,7,"Dr. Vasantrao Pawar Medical College, Hospital & Research Center",Nashik,"9,62,000",,
Maharashtra,8,A.C.P.M. Medical College,Dhule,"8,28,000",,
Maharashtra,9,"Dr. Vithalrao Vikhe Patil Foundation's Medical College,",A'nagar,"11,00,000",,
Maharashtra,10,"Dr. Ulhas Patil Medical College,",Jalgaon,"6,36,363",,
Maharashtra,11,"Prakash Institute of medical sciences & research,",Islampur,"6,41,364",,
Maharashtra,12,"S.M.B.T. Institute of Medical Sciences & Research,",Nashik,"11,25,000",,
Maharashtra,13,"Institute of Medical Sciences And Research,",Satara,"7,10,000",,
Maharashtra,14,"Vedanta Institute Of Medical Sciences,",Palghar,"16,87,000",,
Maharashtra,15,"N.K.P. Salve Institute Of Med. Sciences,",Nagpur,"10,42,076",,
Maharashtra,16,Dr. Panjabrao Deshmukh Smruti Medical,Amravati,"9,62,000",,
Maharashtra,17,"M.I.M.S.R. Medical College,",Latur,"8,80,000",,
Maharashtra,18,JIIU'S Indian Inst. of Med. Scien. & Research,Aurangabad,"6,36,364",,
Maharashtra,19,"Sindhudurg Shikshan Prasarak Mandal Medical College & Lifetime Hospital,",Sindhudurg,"8,25,000",,
Maharashtra,20,Dr. N.Y. Tasgaonkar Institute of Medical Science,Raigad,"7,27,273",,
Maharashtra,21,"Bharatratna Atal Bihari Vajpayee Medical College, and Teaching Hospital",Pune,"6,81,818",,
Maharashtra,22,Shri Dhaneshwari Manav Vikas Mandal's College,Parbhani,"8,00,000",,
Maharashtra,23,"Dr. Rajendra Gode Medical College,",Amravati,"8,00,000",,
Gujarat,1,GMERS Medical College,Ahmedabad,"3,30,000",,
Gujarat,2,GMERS Medical College,Vadodara,"3,30,000",,
Gujarat,3,GMERS Medical College,Gandhinagar,"3,30,000",,
Gujarat,4,GMERS Medical College,Patan,"3,30,000",,
Gujarat,5,GMERS Medical College,Valsad,"3,30,000",,
Gujarat,6,GMERS Medical College,Junagadh,"3,30,000",,
Gujarat,7,GMERS Medical College,Himmatnagar,"3,30,000",,
Gujarat,8,GMERS Medical College,Vadnagar,"3,30,000",,
Gujarat,9,"Smt. N.H.L. Municipal Medical College,",Ahmedabad,"5,93,000",,
Gujarat,10,"Narendra Modi Medical College,",Ahmedabad,"7,71,000",,
Gujarat,11,Surat Municipal Institute of Medical Education & Research,Surat,"7,65,000",,
Gujarat,12,"Pramukh Swami Medical College,",Karamsad,"8,70,000",,
Gujarat,13,"C.U. Shah Medical College,",Surendranagar,"6,26,000",,
Gujarat,14,Gujarat Adani Institute of Medical Sciences,Bhuj,"6,65,000",,
Gujarat,15,GCS Medical College and Research Center,Ahmedabad,"8,60,000",,
Gujarat,16,"Parul Institute of Medical Science and Research,",Vadodara,"8,25,000",,
Gujarat,17,Banas Medical College & Research Institute,Palampur,"7,65,000",,
Gujarat,18,Zydus Medical College and Hospital,Dahod,"7,65,000",,
Gujarat,19,Dr. N.D. Desai Faculty of Medical Science and Research,Nadiad,"7,85,000",,
Gujarat,20,"Nootan Medical College and Research Centre,",Visnagar,"7,85,000",,
Gujarat,21,"Dr. M.K. Shah Medical College & Research Centre,",Ahmedabad,"8,65,000",,
Gujarat,22,"Shantabaa Medical College,",Amreli,"6,85,000",,
Gujarat,23,"Dr Kiran C Patel Medical College & Research Institute,",Bharuch,"6,85,000",,
Gujarat,24,GMERS Medical College,Porbandar,"3,30,000",,
Gujarat,25,GMERS Medical College,Godhra,"3,30,000",,
Gujarat,26,GMERS Medical College,Rajpipla,"3,30,000",,
Gujarat,27,GMERS Medical College,Morbi,"3,30,000",,
Gujarat,28,GMERS Medical College,Navsari,"3,30,000",,
Gujarat,29,SAL Institute of Medical Sciences,Ahmedabad,"8,65,000",,
Gujarat,30,Swaminarayan Institute of Medical Sciences & Reasearch,Gandhinagar,"8,25,000",,
Gujarat,31,Ananya College of Medicine & Research,Gandhinagar,"8,25,000",,
Gujarat,32,Kiran Medical College,Surat,"8,65,000",,
Rajasthan,1,American Int. Inst. of Med. Sc.,Udaipur,"25,00,000",,
Rajasthan,2,Ananta Institute of Med. Sc,Rajsamand,"24,00,000",,
Rajasthan,3,Geetanjali Medical College & Hospital,Udaipur,"28,00,000",,
Rajasthan,4,JNU Institute for Medical Sciences & Research Centre,Jaipur,"25,50,000",,
Rajasthan,5,NIMS,Jaipur,"22,00,000",,
Rajasthan,6,Pacific Insti Of MS,Udaipur,"35,00,000",,
Rajasthan,7,Pacific MC & Hospital,Udaipur,"23,50,000",,
Rajasthan,8,"Dr. SS Tantia Medical College, Hospital & RC",Sriganganagar,"26,75,000",,
Rajasthan,9,Mahatma Gandhi Medical College,Jaipur,"26,75,000",,
Pondicherry,1,Pondicherry Institute of Medical Sciences & Research,Pondicherry,"16,80,000",,
Pondicherry,2,Sri Manakula Vinayagar Medical College & Hospital,Pondicherry,"16,80,000",,
Pondicherry,3,"Sri Venkateswara Medical College, Hospital & Research Centre",Pondicherry,"16,80,000",,
Chhattisgarh,1,Raipur Institute of Medical Sciences,Raipur,"7,45,187",,
Chhattisgarh,2,Shri Shankaracharya IMS,Bhilai,"7,99,187",,
Chhattisgarh,3,Shri Balaji Institute of Medical Science,Raipur,"7,50,187",,
Uttarakhand,1,Himalayan Institute of Medical Science,Dehradun,"20,50,000",,
Uttarakhand,2,Shri Guru Ram Rai Institute of Medical & Health Sciences,Dehradun,"17,50,000",,
Uttarakhand,3,Gautam Buddha Chikitsa Mahavidyalaya,Dehradun,"13,22,000",,
Odisha,1,Hi-Tech Medical College & Hospital,Rourkela,"5,64,500",,
Odisha,2,Hi-Tech Medical College & Hospital,Bhubaneshwar,"6,50,000",,
Himachal Pradesh,1,Maharishi Markandeshwar Medical College & Hospital,Solan,"15,97,000",,
Manipur,1,Shija Academy Of Health Sciences,Imphal West,"19,00,000",,
Jharkhand,1,Laxmi Chandravansi Medical & Hospital,Palamu,"10,25,000",,
Sikkim,1,Sikkim Manipal Institute of Medical Sciences,Gangtok,"18,70,000",,
Jammu & Kashmir,1,Acharya Shri Chander College of Medical Sciences,Jammu,"4,95,000",,